arm,n_country_years,mean_dpolyarchy,sd_dpolyarchy
nv_maximalist,30,0.014043478260869562,0.06179546781032758
v_maximalist,4,0.019666666666666673,0.11689453936490503
