outcome,att,se
v2x_polyarchy,0.010083045137809353,0.23631826518662138
v2x_libdem,0.009424547649976746,0.23675094698454216
