outcome,att,se
v2x_polyarchy,0.010083045137809353,0.2348852923908829
v2x_libdem,0.009424547649976746,0.23921998792856947
leader_turnover,0.01610071852952048,0.13160939188551166
