era,att,se,lo,hi
2017-2019,793.3669931510565,3301.726817092909,-5678.017568351045,7264.751554653159
2020-2023,2160.3161548344333,2824.9111793393613,-3376.5097566707145,7697.142066339581
