outcome,arm,att,se
spend_highways,nv,-275.10971158064626,667.8958467195246
spend_fire,nv,-490.1668562763881,256.404083328757
